n,is_prime,was_skipped,z1_score,z4_score
1,0,False,0,0
2,1,False,0,0
3,1,False,0.36638233542580845,0.09173699181218056
4,0,False,0.46493132197698644,0.19663940250762424
5,1,False,0.23246566098849322,0.09831970125381212
6,0,False,0.08149522458312985,0.19758861532669553
7,1,False,0.04074761229156493,0.09879430766334776
8,0,False,0.6513738592479626,0.5289855555531139
9,0,False,0.3256869296239813,0.26449277777655694
10,0,False,0.2171246197493209,0.17632851851770465
11,1,False,0.16284346481199066,0.13224638888827847
12,0,False,0.7871669632697272,0.793603419555139
13,1,False,0.3935834816348636,0.3968017097775695
14,0,False,0.08255156356863148,0.49023461298062926
15,0,False,0.04127578178431574,0.24511730649031463
16,0,False,0.027517187856210497,0.16341153766020977
17,1,False,0.02063789089215787,0.12255865324515731
18,0,False,0.0003372169208917545,0.5880858426863284
19,1,False,0.00016860846044587725,0.2940429213431642
20,0,False,0.7149851055886657,1.007342770934453
21,0,False,0.35749255279433284,0.5036713854672265
22,0,False,0.23832836852955522,0.3357809236448177
23,1,False,0.17874627639716642,0.2518356927336132
24,0,False,0.5404293075832926,0.9746407875640429
25,0,False,0.2702146537916463,0.48732039378202147
26,0,False,0.1801431025277642,0.32488026252134766
27,0,False,0.13510732689582314,0.24366019689101073
28,0,False,0.10808586151665851,0.1949281575128086
29,1,False,0.0900715512638821,0.16244013126067383
30,0,False,1.1600870788814308,1.6128875325965488
31,1,False,0.5800435394407154,0.8064437662982744
32,0,False,0.04412406873061661,0.866325889557783
33,0,False,0.022062034365308306,0.4331629447788915
34,0,False,0.014708022910205537,0.288775296519261
35,0,False,0.011031017182654153,0.21658147238944575
36,0,False,0.008824813746123322,0.1732651779115566
37,1,False,0.0073540114551027685,0.1443876482596305
38,0,False,0.44255245960847084,1.150159751663629
39,0,False,0.22127622980423542,0.5750798758318145
40,0,False,0.14751748653615696,0.3833865838878764
41,1,False,0.11063811490211771,0.28753993791590726
42,0,False,0.0707333064593622,1.0164649437651805
43,1,False,0.0353666532296811,0.5082324718825902
44,0,False,0.8662766331001949,1.5996817245776505
45,0,False,0.43313831655009744,0.7998408622888252
46,0,False,0.288758877700065,0.5332272415258835
47,1,False,0.21656915827504872,0.3999204311444126
48,0,False,0.39082001033003533,1.2466072166376292
49,0,False,0.19541000516501766,0.6233036083188146
50,0,False,0.13027333677667843,0.4155357388792097
51,0,False,0.09770500258250883,0.3116518041594073
52,0,False,0.07816400206600706,0.24932144332752584
53,1,False,0.06513666838833922,0.20776786943960485
54,0,False,0.7161501266633905,1.5921655139931488
55,0,False,0.35807506333169525,0.7960827569965744
56,0,False,0.23871670888779684,0.5307218379977162
57,0,False,0.17903753166584763,0.3980413784982872
58,0,False,0.1432300253326781,0.31843310279862974
59,1,False,0.11935835444389842,0.2653609189988581
60,0,False,1.0323352436748845,1.974988225428324
61,1,False,0.5161676218374422,0.987494112714162
62,0,False,2.0410837421667494,3.082189583680546
63,0,False,1.0205418710833747,1.541094791840273
64,0,False,0.6803612473889165,1.0273965278935153
65,0,False,0.5102709355416873,0.7705473959201365
66,0,False,0.40821674843334993,0.6164379167361093
67,1,False,0.34018062369445823,0.5136982639467577
68,0,True,2.36538351711997,3.5362354544192454
69,0,False,1.182691758559985,1.7681177272096227
70,0,False,0.7884611723733234,1.1787451514730818
71,1,False,0.5913458792799925,0.8840588636048113
72,0,True,1.5918817820127955,2.7221937501192746
73,1,False,0.7959408910063978,1.3610968750596373
74,0,False,0.02913700874842811,1.349666637158109
75,0,False,0.014568504374214055,0.6748333185790545
76,0,False,0.009712336249476037,0.449888879052703
77,0,False,0.0072842521871070275,0.33741665928952724
78,0,False,0.005827401749685622,0.2699333274316218
79,1,False,0.004856168124738019,0.2249444395263515
80,0,False,0.16517279993961362,1.4314960118536213
81,0,False,0.08258639996980681,0.7157480059268106
82,0,False,0.055057599979871204,0.4771653372845404
83,1,False,0.041293199984903405,0.3578740029634053
84,0,True,2.026812193663171,3.3648167717411197
85,0,False,1.0134060968315854,1.6824083858705599
86,0,False,0.6756040645543904,1.1216055905803732
87,0,False,0.5067030484157927,0.8412041929352799
88,0,False,0.40536243873263417,0.6729633543482239
89,1,False,0.3378020322771952,0.5608027952901866
90,0,True,2.195340845665993,3.634871553828522
91,0,False,1.0976704228329965,1.817435776914261
92,0,False,0.7317802818886644,1.2116238512761741
93,0,False,0.5488352114164983,0.9087178884571305
94,0,False,0.4390681691331987,0.7269743107657045
95,0,False,0.3658901409443322,0.6058119256380871
96,0,False,0.3136201208094276,0.519267364832646
97,1,False,0.27441760570824913,0.45435894422856526
98,0,False,0.4552404622255166,1.7522384385417475
99,0,False,0.2276202311127583,0.8761192192708738
100,0,False,0.15174682074183887,0.5840794795139159
101,1,False,0.11381011555637915,0.4380596096354369
102,0,True,2.4368937179841788,4.063713155448132
103,1,False,1.2184468589920894,2.031856577724066
104,0,False,0.5102174584632899,1.8414489110193182
105,0,False,0.25510872923164496,0.9207244555096591
106,0,False,0.17007248615443,0.613816303673106
107,1,False,0.12755436461582248,0.46036222775482954
108,0,True,2.511654125967132,4.221242906520018
109,1,False,1.255827062983566,2.110621453260009
110,0,False,0.5434256066988223,1.9115794858802253
111,0,False,0.27171280334941117,0.9557897429401127
112,0,False,0.18114186889960743,0.6371931619600751
113,1,False,0.13585640167470558,0.4778948714700563
114,0,True,2.557060818458455,4.3407006577875435
115,0,False,1.2785304092292276,2.1703503288937718
116,0,False,0.8523536061528183,1.4469002192625144
117,0,False,0.6392652046146138,1.0851751644468859
118,0,False,0.5114121636916911,0.8681401315575087
119,0,False,0.42617680307640915,0.7234501096312572
120,0,False,0.3652944026369222,0.620100093969649
121,0,False,0.3196326023073069,0.5425875822234429
122,0,False,0.28411786871760614,0.48230007308750483
123,0,False,0.25570608184584553,0.43407006577875434
124,0,False,0.23246007440531408,0.3946091507079585
125,0,False,0.21308840153820457,0.3617250548156286
126,0,False,0.19669698603526578,0.3339000505990418
127,1,False,0.1826472013184611,0.3100500469848245
128,0,False,0.5164508623603139,1.9959701838529729
129,0,False,0.25822543118015695,0.9979850919264864
130,0,False,0.17215028745343794,0.6653233946176575
131,1,False,0.12911271559007848,0.4989925459632432
132,0,True,2.527659266566612,4.4740419260619975
133,0,False,1.263829633283306,2.2370209630309987
134,0,False,0.8425530888555375,1.4913473086873323
135,0,False,0.631914816641653,1.1185104815154994
136,0,False,0.5055318533133224,0.8948083852123994
137,1,False,0.42127654442776874,0.7456736543436662
138,0,True,2.4662075749773478,4.445537293258256
139,1,False,1.2331037874886739,2.222768646629128
140,0,False,0.4033589529048808,1.9634316365413902
141,0,False,0.2016794764524404,0.9817158182706951
142,0,False,0.13445298430162692,0.6544772121804634
143,0,False,0.1008397382262202,0.49085790913534755
144,0,False,0.08067179058097616,0.39268632730827807
145,0,False,0.06722649215081346,0.3272386060902317
146,0,False,0.05762270755784012,0.2804902337916272
147,0,False,0.0504198691131101,0.24542895456767377
148,0,False,0.044817661433875645,0.21815907072682114
149,1,False,0.04033589529048808,0.19634316365413904
150,0,True,2.272406025689072,4.284636070588167
151,1,False,1.136203012844536,2.1423180352940836
152,0,False,0.22805109356518807,1.9059919744443137
153,0,False,0.11402554678259404,0.9529959872221568
154,0,False,0.07601703118839602,0.6353306581481045
155,0,False,0.05701277339129702,0.4764979936110784
156,0,False,0.045610218713037616,0.3811983948888627
157,1,False,0.03800851559419801,0.31766532907405226
158,0,False,0.12046437211893722,1.8907104421925602
159,0,False,0.06023218605946861,0.9453552210962801
160,0,False,0.04015479070631241,0.6302368140641867
161,0,False,0.030116093029734305,0.47267761054814006
162,0,False,0.024092874423787443,0.378142088438512
163,1,False,0.020077395353156204,0.3151184070320934
164,0,True,3.0971544915568163,5.5057110727682765
165,0,False,1.5485772457784082,2.7528555363841383
166,0,False,1.0323848305189387,1.8352370242560923
167,1,False,0.7742886228892041,1.3764277681920691
168,0,True,1.822749176579874,3.805520082498382
169,0,False,0.911374588289937,1.902760041249191
170,0,False,0.607583058859958,1.2685066941661274
171,0,False,0.4556872941449685,0.9513800206245955
172,0,False,0.36454983531597485,0.7611040164996764
173,1,False,0.303791529429979,0.6342533470830637
174,0,False,1.6362894708736948,3.591314497419849
175,0,False,0.8181447354368474,1.7956572487099245
176,0,False,0.5454298236245649,1.197104832473283
177,0,False,0.4090723677184237,0.8978286243549622
178,0,False,0.327257894174739,0.7182628994839698
179,1,False,0.27271491181228247,0.5985524162366415
180,0,False,1.4346979225321417,3.355892681653604
181,1,False,0.7173489612660708,1.677946340826802
182,0,True,2.506687966929479,4.825877746804105
183,0,False,1.2533439834647395,2.4129388734020525
184,0,False,0.8355626556431596,1.6086259156013685
185,0,False,0.6266719917323698,1.2064694367010262
186,0,False,0.5013375933858958,0.9651755493608211
187,0,False,0.4177813278215798,0.8043129578006842
188,0,False,0.3580982809899256,0.6894111066863008
189,0,False,0.3133359958661849,0.6032347183505131
190,0,False,0.27852088521438656,0.5362086385337895
191,1,False,0.2506687966929479,0.48258777468041053
192,0,False,0.9969485673253912,2.8478237145210956
193,1,False,0.4984742836626956,1.4239118572605478
194,0,False,2.0249287403610756,4.231623633359735
195,0,False,1.0124643701805378,2.1158118166798676
196,0,False,0.6749762467870252,1.4105412111199118
197,1,False,0.5062321850902689,1.0579059083399338
198,0,False,0.7678733880431604,2.5969680484757283
199,1,False,0.3839366940215802,1.2984840242378641
200,0,True,1.7628167552933933,3.901805689211411
201,0,False,0.8814083776466967,1.9509028446057055
202,0,False,0.5876055850977978,1.3006018964038037
203,0,False,0.44070418882334833,0.9754514223028528
204,0,False,0.3525633510586787,0.7803611378422822
205,0,False,0.2938027925488989,0.6503009482019019
206,0,False,0.2518309650419134,0.5574008127444873
207,0,False,0.22035209441167417,0.4877257111514264
208,0,False,0.1958685283659326,0.4335339654679346
209,0,False,0.17628167552933935,0.3901805689211411
210,0,False,0.16025606866303577,0.35470960811012825
211,1,False,0.14690139627444945,0.32515047410095094
212,0,False,1.2098554525727914,3.208696585869392
213,0,False,0.6049277262863957,1.604348292934696
214,0,False,0.4032851508575971,1.0695655286231307
215,0,False,0.30246386314319784,0.802174146467348
216,0,False,0.24197109051455826,0.6417393171738784
217,0,False,0.20164257542879854,0.5347827643115654
218,0,False,0.17283649322468447,0.45838522655277025
219,0,False,0.15123193157159892,0.401087073233674
220,0,False,0.13442838361919904,0.3565218428743769
221,0,False,0.12098554525727913,0.3208696585869392
222,0,False,0.10998685932479922,0.2916996896244902
223,1,False,0.10082128771439927,0.2673913821557827
224,0,False,0.6475224757818568,2.562398284401531
225,0,False,0.3237612378909284,1.2811991422007656
226,0,False,0.21584082526061893,0.854132761467177
227,1,False,0.1618806189454642,0.6405995711003828
228,0,True,2.712145270252879,5.394529032020143
229,1,False,1.3560726351264396,2.6972645160100717
230,0,False,0.37575431093290235,2.323394129822187
231,0,False,0.18787715546645117,1.1616970649110936
232,0,False,0.1252514369776341,0.774464709940729
233,1,False,0.09393857773322559,0.5808485324555468
234,0,True,2.3561841922492137,4.912176616021052
235,0,False,1.1780920961246069,2.456088308010526
236,0,False,0.7853947307497379,1.6373922053403505
237,0,False,0.5890460480623034,1.228044154005263
238,0,False,0.47123683844984277,0.9824353232042103
239,1,False,0.39269736537486893,0.8186961026701752
240,0,True,1.991285976180886,4.4158385892730125
241,1,False,0.995642988090443,2.2079192946365063
242,0,True,3.1047555137909413,6.045420277494495
243,0,False,1.5523777568954706,3.0227101387472475
244,0,False,1.0349185045969804,2.015140092498165
245,0,False,0.7761888784477353,1.5113550693736237
246,0,False,0.6209511027581882,1.209084055498899
247,0,False,0.5174592522984902,1.0075700462490824
248,0,False,0.44353650197013444,0.8636314682134993
249,0,False,0.38809443922386766,0.7556775346868119
250,0,False,0.3449728348656601,0.671713364166055
251,1,False,0.3104755513790941,0.6045420277494495
252,0,False,1.2510582874248906,3.4229024183084182
253,0,False,0.6255291437124453,1.7114512091542091
254,0,False,0.4170194291416302,1.1409674727694727
255,0,False,0.31276457185622264,0.8557256045771046
256,0,False,0.25021165748497814,0.6845804836616837
257,1,False,0.2085097145708151,0.5704837363847364
258,0,False,0.8882721523169188,2.966002635203615
259,0,False,0.4441360761584594,1.4830013176018075
260,0,False,0.2960907174389729,0.9886675450678717
261,0,False,0.2220680380792297,0.7415006588009038
262,0,False,0.17765443046338375,0.593200527040723
263,1,False,0.14804535871948646,0.49433377253393584
264,0,False,0.5412476022320353,2.5861518189926187
265,0,False,0.27062380111601764,1.2930759094963094
266,0,False,0.18041586741067842,0.8620506063308728
267,0,False,0.13531190055800882,0.6465379547481547
268,0,False,0.10824952044640705,0.5172303637985237
269,1,False,0.09020793370533921,0.4310253031654364
270,0,False,0.2142627127972777,2.34826809724979
271,1,False,0.10713135639863886,1.174134048624895
272,0,False,1.0943616366115825,3.2812650775273693
273,0,False,0.5471808183057912,1.6406325387636846
274,0,False,0.36478721220386084,1.0937550258424564
275,0,False,0.2735904091528956,0.8203162693818423
276,0,False,0.21887232732231648,0.6562530155054739
277,1,False,0.18239360610193042,0.5468775129212282
278,0,False,0.7087076677822335,2.8125342118176917
279,0,False,0.35435383389111674,1.4062671059088458
280,0,False,0.23623588926074449,0.9375114039392306
281,1,False,0.17717691694555837,0.7031335529544229
282,0,True,2.793854293703683,5.789769466187689
283,1,False,1.3969271468518416,2.8948847330938445
284,0,False,0.3473705552603723,2.4741239357040286
285,0,False,0.17368527763018615,1.2370619678520143
286,0,False,0.11579018508679077,0.8247079785680096
287,0,False,0.08684263881509308,0.6185309839260071
288,0,False,0.06947411105207446,0.49482478714080574
289,0,False,0.057895092543395386,0.4123539892840048
290,0,False,0.04962436503719605,0.35344627652914695
291,0,False,0.04342131940754654,0.30926549196300357
292,0,False,0.03859672836226359,0.27490265952266985
293,1,False,0.03473705552603723,0.24741239357040287
294,0,True,1.8483556054803691,4.429112240353036
295,0,False,0.9241778027401846,2.214556120176518
296,0,False,0.616118535160123,1.4763707467843452
297,0,False,0.4620889013700923,1.107278060088259
298,0,False,0.36967112109607386,0.8858224480706072
299,0,False,0.3080592675800615,0.7381853733921726
300,0,False,0.2640508007829099,0.6327303200504337
301,0,False,0.23104445068504614,0.5536390300441295
302,0,False,0.20537284505337436,0.4921235822614485
303,0,False,0.18483556054803693,0.4429112240353036
304,0,False,0.16803232777094265,0.40264656730482146
305,0,False,0.15402963379003076,0.3690926866960863
306,0,False,0.14218120042156687,0.34070094156561814
307,1,False,0.13202540039145494,0.31636516002521686
308,0,True,1.9538842969752526,4.636709333669898
309,0,False,0.9769421484876263,2.318354666834949
310,0,False,0.6512947656584175,1.5455697778899657
311,1,False,0.48847107424381314,1.1591773334174744
312,0,False,0.5103269465195587,2.6962001675360145
313,1,False,0.25516347325977934,1.3481000837680073
314,0,False,1.4592160652772852,3.9285915911011644
315,0,False,0.7296080326386426,1.9642957955505822
316,0,False,0.4864053550924284,1.3095305303670548
317,1,False,0.3648040163193213,0.9821478977752911
318,0,False,0.12227674469343892,2.4480341789358255
319,0,False,0.06113837234671946,1.2240170894679128
320,0,False,0.04075891489781298,0.8160113929786085
321,0,False,0.03056918617335973,0.6120085447339564
322,0,False,0.024455348938687786,0.48960683578716513
323,0,False,0.02037945744890649,0.40800569648930424
324,0,False,0.01746810638477699,0.34971916841940365
325,0,False,0.015284593086679866,0.3060042723669782
326,0,False,0.013586304965937658,0.27200379765953614
327,0,False,0.012227674469343893,0.24480341789358256
328,0,False,0.011116067699403539,0.22254856172143866
329,0,False,0.010189728724453244,0.20400284824465212
330,0,False,0.009405903437956841,0.18831032145660195
331,1,False,0.008734053192388494,0.17485958420970182
332,0,False,0.13117121014288458,2.48737087074538
333,0,False,0.06558560507144229,1.24368543537269
334,0,False,0.04372373671429485,0.8291236235817933
335,0,False,0.032792802535721144,0.621842717686345
336,0,False,0.026234242028576913,0.49747417414907597
337,1,False,0.021861868357147426,0.41456181179089663
338,0,True,3.146861233566146,6.5773081590544455
339,0,False,1.573430616783073,3.2886540795272228
340,0,False,1.0489537445220487,2.1924360530181484
341,0,False,0.7867153083915365,1.6443270397636114
342,0,False,0.6293722467132292,1.3154616318108892
343,0,False,0.5244768722610244,1.0962180265090742
344,0,False,0.44955160479516365,0.9396154512934921
345,0,False,0.39335765419576824,0.8221635198818057
346,0,False,0.3496512481740162,0.7308120176727161
347,1,False,0.3146861233566146,0.6577308159054446
348,0,False,0.9667305164717235,3.3361096546933995
349,1,False,0.48336525823586174,1.6680548273466997
350,0,True,1.994909530631442,4.842513403110452
351,0,False,0.997454765315721,2.421256701555226
352,0,False,0.664969843543814,1.6141711343701506
353,1,False,0.4987273826578605,1.210628350777613
354,0,False,0.48951375692808047,2.7847650798029395
355,0,False,0.24475687846404023,1.3923825399014698
356,0,False,0.16317125230936014,0.9282550266009798
357,0,False,0.12237843923202012,0.6961912699507349
358,0,False,0.09790275138561609,0.5569530159605879
359,1,False,0.08158562615468007,0.4641275133004899
360,0,False,0.05498610607898297,2.539595851298782
361,0,False,0.027493053039491486,1.269797925649391
362,0,False,0.018328702026327658,0.8465319504329274
363,0,False,0.013746526519745743,0.6348989628246955
364,0,False,0.010997221215796596,0.5079191702597564
365,0,False,0.009164351013163829,0.4232659752164637
366,0,False,0.007855158011283283,0.36279940732839744
367,1,False,0.006873263259872872,0.31744948141234774
368,0,False,0.4163106375374579,2.751099652284599
369,0,False,0.20815531876872895,1.3755498261422996
370,0,False,0.13877021251248595,0.9170332174281998
371,0,False,0.10407765938436447,0.6877749130711498
372,0,False,0.08326212750749158,0.55021993045692
373,1,False,0.06938510625624297,0.4585166087140999
374,0,True,3.5590774875681865,7.374950011299566
375,0,True,1.7795387437840933,3.687475005649783
376,0,False,1.1863591625227288,2.458316670433189
377,0,False,0.8897693718920466,1.8437375028248915
378,0,False,0.7118154975136373,1.4749900022599132
379,1,False,0.5931795812613644,1.2291583352165945
380,0,True,2.917547492957944,6.381675866091666
381,0,False,1.458773746478972,3.190837933045833
382,0,False,0.9725158309859814,2.1272252886972223
383,1,False,0.729386873239486,1.5954189665229166
384,0,False,1.2203333470755613,3.782602086771848
385,0,False,0.6101666735377806,1.891301043385924
386,0,False,0.4067777823585204,1.2608673622572826
387,0,False,0.3050833367688903,0.945650521692962
388,0,False,0.24406666941511226,0.7565204173543696
389,1,False,0.2033888911792602,0.6304336811286413
390,0,False,0.6748615937194868,3.070155901675833
391,0,False,0.3374307968597434,1.5350779508379164
392,0,False,0.2249538645731623,1.0233853005586109
393,0,False,0.1687153984298717,0.7675389754189582
394,0,False,0.13497231874389737,0.6140311803351665
395,0,False,0.11247693228658115,0.5116926502793054
396,0,False,0.09640879910278383,0.43859370023940464
397,1,False,0.08435769921493586,0.3837694877094791
398,0,False,1.0624086908855213,3.592994300248447
399,0,False,0.5312043454427606,1.7964971501242235
400,0,False,0.35413623029517377,1.1976647667494824
401,1,False,0.2656021727213803,0.8982485750621118
402,0,True,3.2313981514236434,6.961003834484871
403,0,False,1.6156990757118217,3.4805019172424356
404,0,False,1.0771327171412144,2.320334611494957
405,0,False,0.8078495378559108,1.7402509586212178
406,0,False,0.6462796302847286,1.392200766896974
407,0,False,0.5385663585706072,1.1601673057474784
408,0,False,0.4616283073462347,0.9944291192121244
409,1,False,0.4039247689279554,0.8701254793106089
410,0,False,0.03156060559329362,2.6507516597760192
411,0,False,0.01578030279664681,1.3253758298880096
412,0,False,0.010520201864431205,0.8835838865920063
413,0,False,0.007890151398323405,0.6626879149440048
414,0,False,0.006312121118658725,0.5301503319552039
415,0,False,0.005260100932215603,0.44179194329600313
416,0,False,0.004508657941899089,0.3786788085394313
417,0,False,0.003945075699161703,0.3313439574720024
418,0,False,0.0035067339548104023,0.29452796219733546
419,1,False,0.0031560605593293624,0.26507516597760195
420,0,False,1.254376177469056,3.9205705537426
421,1,False,0.627188088734528,1.9602852768713
422,0,True,2.3184337896971874,5.568364206684432
423,0,False,1.1592168948485937,2.784182103342216
424,0,False,0.7728112632323958,1.856121402228144
425,0,False,0.5796084474242968,1.392091051671108
426,0,False,0.4636867579394374,1.1136728413368864
427,0,False,0.3864056316161979,0.928060701114072
428,0,False,0.3312048270995982,0.7954806009549188
429,0,False,0.2898042237121484,0.696045525835554
430,0,False,0.2576037544107986,0.6187071340760479
431,1,False,0.2318433789697187,0.5568364206684432
432,0,False,0.14392847928960834,2.7211710956500403
433,1,False,0.07196423964480417,1.3605855478250202
434,0,False,1.0126697739993422,3.606443894251917
435,0,False,0.5063348869996711,1.8032219471259585
436,0,False,0.33755659133311405,1.202147964750639
437,0,False,0.25316744349983555,0.9016109735629793
438,0,False,0.20253395479986847,0.7212887788503834
439,1,False,0.16877829566655703,0.6010739823753195
440,0,False,0.4400568269089621,2.930603208403945
441,0,False,0.22002841345448104,1.4653016042019724
442,0,False,0.14668560896965405,0.9768677361346483
443,1,False,0.11001420672724052,0.7326508021009862
444,0,True,2.451571970458387,5.844876315858345
445,0,False,1.2257859852291935,2.9224381579291725
446,0,False,0.8171906568194623,1.948292105286115
447,0,False,0.6128929926145967,1.4612190789645862
448,0,False,0.4903143940916774,1.168975263171669
449,1,False,0.4085953284097312,0.9741460526430575
450,0,True,1.7476564395332466,4.742645466661845
451,0,False,0.8738282197666233,2.3713227333309224
452,0,False,0.5825521465110821,1.580881822220615
453,0,False,0.43691410988331164,1.1856613666654612
454,0,False,0.34953128790664934,0.948529093332369
455,0,False,0.29127607325554106,0.7904409111103075
456,0,False,0.24966520564760664,0.6775207809516921
457,1,False,0.21845705494165582,0.5928306833327306
458,0,False,2.1254964285872076,5.3605873523662595
459,0,False,1.0627482142936038,2.6802936761831297
460,0,False,0.7084988095290692,1.786862450788753
461,1,False,0.5313741071468019,1.3401468380915649
462,0,False,0.47980448298424117,3.012179211743284
463,1,False,0.23990224149212058,1.506089605871642
464,0,False,1.4233032695238474,4.274570175665347
465,0,False,0.7116516347619237,2.1372850878326735
466,0,False,0.4744344231746158,1.4248567252217823
467,1,False,0.35582581738096186,1.0686425439163367
468,0,True,3.6528509750698577,7.877370270741546
469,0,False,1.8264254875349288,3.938685135370773
470,0,False,1.2176169916899524,2.6257900902471816
471,0,False,0.9132127437674644,1.9693425676853864
472,0,False,0.7305701950139716,1.5754740541483092
473,0,False,0.6088084958449762,1.3128950451235908
474,0,False,0.5218358535814082,1.125338610105935
475,0,False,0.4566063718837322,0.9846712838426932
476,0,False,0.40587233056331756,0.8752633634157274
477,0,False,0.3652850975069858,0.7877370270741546
478,0,False,0.33207736136998706,0.7161245700674133
479,1,False,0.3044042479224881,0.6564475225617954
480,0,True,2.1265231478110334,5.418593494739755
481,0,False,1.0632615739055167,2.7092967473698777
482,0,False,0.7088410492703444,1.8061978315799183
483,0,False,0.5316307869527583,1.3546483736849388
484,0,False,0.42530462956220666,1.083718698947951
485,0,False,0.3544205246351722,0.9030989157899592
486,0,False,0.3037890211158619,0.7740847849628222
487,1,False,0.26581539347637917,0.6773241868424694
488,0,True,2.4804294600001473,6.0128724925185715
489,0,False,1.2402147300000737,3.0064362462592857
490,0,False,0.8268098200000491,2.004290830839524
491,1,False,0.6201073650000368,1.5032181231296429
492,0,False,0.733571988192672,3.3544746524320033
493,0,False,0.366785994096336,1.6772373262160016
494,0,False,0.244523996064224,1.1181582174773343
495,0,False,0.183392997048168,0.8386186631080008
496,0,False,0.14671439763853442,0.6708949304864007
497,0,False,0.122261998032112,0.5590791087386672
498,0,False,0.10479599831323885,0.47921066463314327
499,1,False,0.091696498524084,0.4193093315540004
500,0,False,1.0177576871717524,3.750579212480678
501,0,False,0.5088788435858762,1.875289606240339
502,0,False,0.33925256239058416,1.2501930708268927
503,1,False,0.2544394217929381,0.9376448031201695
504,0,True,3.181559646005435,7.211721231050992
505,0,False,1.5907798230027175,3.605860615525496
506,0,False,1.0605198820018116,2.4039070770169975
507,0,False,0.7953899115013587,1.802930307762748
508,0,False,0.636311929201087,1.4423442462101985
509,1,False,0.5302599410009058,1.2019535385084987
510,0,True,2.3818909954535274,5.908342674731994
511,0,False,1.1909454977267637,2.954171337365997
512,0,False,0.7939636651511758,1.969447558243998
513,0,False,0.5954727488633819,1.4770856686829985
514,0,False,0.4763781990907055,1.181668534946399
515,0,False,0.3969818325755879,0.984723779121999
516,0,False,0.3402701422076468,0.844048953533142
517,0,False,0.29773637443169093,0.7385428343414993
518,0,False,0.2646545550503919,0.6564825194146661
519,0,False,0.23818909954535275,0.5908342674731994
520,0,False,0.21653554504122974,0.5371220613392721
521,1,False,0.19849091628779394,0.4923618895609995
522,0,False,0.893113347790642,3.6190848431295795
523,1,False,0.446556673895321,1.8095424215647897
524,0,True,1.9114170150477396,5.175650591827227
525,0,False,0.9557085075238698,2.5878252959136137
526,0,False,0.6371390050159131,1.725216863942409
527,0,False,0.4778542537619349,1.2939126479568068
528,0,False,0.3822834030095479,1.0351301183654453
529,0,False,0.31856950250795657,0.8626084319712045
530,0,False,0.2730595735782485,0.7393786559753182
531,0,False,0.23892712688096746,0.6469563239784034
532,0,False,0.21237966833863772,0.575072287980803
533,0,False,0.19114170150477394,0.5175650591827227
534,0,False,0.17376518318615816,0.47051369016611155
535,0,False,0.15928475125397829,0.43130421598560226
536,0,False,0.14703207808059535,0.3981269686020944
537,0,False,0.13652978678912425,0.3696893279876591
538,0,False,0.12742780100318263,0.3450433727884818
539,0,False,0.11946356344048373,0.3234781619892017
540,0,False,0.1124362950028082,0.3044500348133663
541,1,False,0.10618983416931886,0.2875361439904015
542,0,True,3.6636797658881926,8.129820488208097
543,0,False,1.8318398829440963,4.064910244104048
544,0,False,1.2212265886293976,2.7099401627360318
545,0,False,0.9159199414720481,2.032455122052024
546,0,False,0.7327359531776386,1.6259640976416192
547,1,False,0.6106132943146988,1.3549700813680159
548,0,True,2.81015657571884,6.7127973510716075
549,0,False,1.40507828785942,3.3563986755358037
550,0,False,0.9367188585729467,2.237599117023869
551,0,False,0.70253914392971,1.6781993377679019
552,0,False,0.5620313151437679,1.3425594702143213
553,0,False,0.46835942928647334,1.1187995585119346
554,0,False,0.4014509393884057,0.9589710501530868
555,0,False,0.351269571964855,0.8390996688839509
556,0,False,0.31223961952431556,0.7458663723412897
557,1,False,0.28101565757188396,0.6712797351071607
558,0,False,0.29093985986427495,3.029064902631123
559,0,False,0.14546992993213748,1.5145324513155616
560,0,False,0.09697995328809166,1.009688300877041
561,0,False,0.07273496496606874,0.7572662256577808
562,0,False,0.058187971972854996,0.6058129805262246
563,1,False,0.04848997664404583,0.5048441504385205
564,0,True,3.3917236025407855,7.73319571321839
565,0,False,1.6958618012703928,3.866597856609195
566,0,False,1.130574534180262,2.57773190440613
567,0,False,0.8479309006351964,1.9332989283045976
568,0,False,0.6783447205081571,1.546639142643678
569,1,False,0.565287267090131,1.288865952203065
570,0,True,2.5232518408950058,6.286396056331582
571,1,False,1.2616259204475029,3.143198028165791
572,0,True,3.6749790921126566,8.235664444071402
573,0,False,1.8374895460563283,4.117832222035701
574,0,False,1.2249930307042187,2.745221481357134
575,0,False,0.9187447730281642,2.0589161110178504
576,0,False,0.7349958184225313,1.6471328888142804
577,1,False,0.6124965153521094,1.372610740678567
578,0,True,2.790677675328737,6.75405384825854
579,0,False,1.3953388376643685,3.37702692412927
580,0,False,0.9302258917762457,2.2513512827528466
581,0,False,0.6976694188321843,1.688513462064635
582,0,False,0.5581355350657474,1.350810769651708
583,0,False,0.46511294588812285,1.1256756413764233
584,0,False,0.39866823933267675,0.9648648354655057
585,0,False,0.3488347094160921,0.8442567310323175
586,0,False,0.31007529725874855,0.7504504275842823
587,1,False,0.2790677675328737,0.675405384825854
588,0,False,0.23483767870713612,3.0437717873578727
589,0,False,0.11741883935356806,1.5218858936789363
590,0,False,0.07827922623571204,1.0145905957859576
591,0,False,0.05870941967678403,0.7609429468394682
592,0,False,0.04696753574142722,0.6087543574715745
593,1,False,0.03913961311785602,0.5072952978929788
594,0,True,3.312257732694403,7.6776494398733774
595,0,False,1.6561288663472016,3.8388247199366887
596,0,False,1.1040859108981345,2.5592164799577923
597,0,False,0.8280644331736008,1.9194123599683444
598,0,False,0.6624515465388806,1.5355298879746753
599,1,False,0.5520429554490672,1.2796082399788962
600,0,True,2.4175564211387615,6.176450225060537
601,1,False,1.2087782105693807,3.0882251125302687
602,0,True,3.56543501194515,8.13077165496168
603,0,False,1.782717505972575,4.06538582748084
604,0,False,1.18847833731505,2.71025721832056
605,0,False,0.8913587529862875,2.03269291374042
606,0,False,0.71308700238903,1.626154330992336
607,1,False,0.594239168657525,1.35512860916028
608,0,True,2.6552912773640145,6.594930321004043
609,0,False,1.3276456386820072,3.2974651605020213
610,0,False,0.8850970924546714,2.1983101070013475
611,0,False,0.6638228193410036,1.6487325802510107
612,0,False,0.5310582554728028,1.3189860642008084
613,1,False,0.4425485462273357,1.0991550535006738
614,0,False,1.7768052646232033,5.140292393954917
615,0,False,0.8884026323116017,2.5701461969774586
616,0,False,0.5922684215410678,1.7134307979849723
617,1,False,0.44420131615580083,1.2850730984887293
618,0,False,0.09970287418108797,3.036407093911619
619,1,False,0.04985143709054399,1.5182035469558095
620,0,False,0.9627927711019882,3.8848429549088546
621,0,False,0.4813963855509941,1.9424214774544273
622,0,False,0.32093092370066273,1.294947651636285
623,0,False,0.24069819277549706,0.9712107387272136
624,0,False,0.19255855422039764,0.776968590981771
625,0,False,0.16046546185033136,0.6474738258181425
626,0,False,0.13754182444314117,0.5549775649869793
627,0,False,0.12034909638774853,0.4856053693636068
628,0,False,0.10697697456688758,0.431649217212095
629,0,False,0.09627927711019882,0.3884842954908855
630,0,False,0.0875266155547262,0.35316754135535045
631,1,False,0.08023273092516568,0.32373691290907125
632,0,True,3.3411159560702046,7.821960960683445
633,0,False,1.6705579780351023,3.9109804803417223
634,0,False,1.1137053186900683,2.607320320227815
635,0,False,0.8352789890175512,1.9554902401708611
636,0,False,0.668223191214041,1.564392192136689
637,0,False,0.5568526593450341,1.3036601601139075
638,0,False,0.47730227943860065,1.1174229943833491
639,0,False,0.4176394945087756,0.9777451200854306
640,0,False,0.37123510623002276,0.8691067734092717
641,1,False,0.3341115956070205,0.7821960960683445
642,0,False,0.5625016097633567,3.4050699827937265
643,1,False,0.28125080488167836,1.7025349913968633
644,0,False,1.5229872465688357,4.782033747304956
645,0,False,0.7614936232844178,2.391016873652478
646,0,False,0.5076624155229452,1.5940112491016518
647,1,False,0.3807468116422089,1.195508436826239
648,0,True,3.7720677359122026,8.60599142177646
649,0,False,1.8860338679561013,4.30299571088823
650,0,False,1.2573559119707343,2.8686638072588204
651,0,False,0.9430169339780506,2.151497855444115
652,0,False,0.7544135471824405,1.7211982843552922
653,1,False,0.6286779559853671,1.4343319036294102
654,0,True,2.8144643617962464,6.967099767834511
655,0,False,1.4072321808981232,3.4835498839172554
656,0,False,0.9381547872654153,2.32236658927817
657,0,False,0.7036160904490616,1.7417749419586277
658,0,False,0.5628928723592492,1.393419953566902
659,1,False,0.4690773936327077,1.161183294639085
660,0,True,1.8888901238793114,5.409572013603252
661,1,False,0.9444450619396557,2.704786006801626
662,0,True,3.0090276507491565,7.319290664104051
663,0,False,1.5045138253745782,3.6596453320520257
664,0,False,1.0030092169163856,2.4397635547013503
665,0,False,0.7522569126872891,1.8298226660260128
666,0,False,0.6018055301498313,1.4638581328208102
667,0,False,0.5015046084581928,1.2198817773506752
668,0,False,0.4298610929641652,1.0456129520148645
669,0,False,0.37612845634364456,0.9149113330130064
670,0,False,0.33433640563879513,0.8132545182337835
671,0,False,0.30090276507491565,0.7319290664104051
672,0,False,0.27354796824992333,0.6653900603730956
673,1,False,0.2507523042290964,0.6099408886753376
674,0,False,1.1843357275937896,4.2978317371645804
675,0,False,0.5921678637968948,2.1489158685822902
676,0,False,0.3947785758645965,1.43261057905486
677,1,False,0.2960839318984474,1.0744579342911451
678,0,True,3.382590295804132,8.002340891840285
679,0,False,1.691295147902066,4.001170445920143
680,0,False,1.1275300986013772,2.6674469639467615
681,0,False,0.845647573951033,2.0005852229600714
682,0,False,0.6765180591608263,1.600468178368057
683,1,False,0.5637650493006886,1.3337234819733808
684,0,True,2.4121029165318437,6.338242497792653
685,0,False,1.2060514582659219,3.1691212488963263
686,0,False,0.8040343055106146,2.1127474992642177
687,0,False,0.6030257291329609,1.5845606244481631
688,0,False,0.48242058330636867,1.2676484995585304
689,0,False,0.4020171527553073,1.0563737496321088
690,0,False,0.3445861309331205,0.905463213970379
691,1,False,0.30151286456648047,0.7922803122240816
692,0,True,2.577904644920843,6.638344870485454
693,0,False,1.2889523224604216,3.319172435242727
694,0,False,0.8593015483069478,2.2127816234951516
695,0,False,0.6444761612302108,1.6595862176213636
696,0,False,0.5155809289841686,1.327668974097091
697,0,False,0.4296507741534739,1.1063908117475758
698,0,False,0.36827209213154904,0.9483349814979221
699,0,False,0.3222380806151054,0.8297931088106818
700,0,False,0.28643384943564926,0.7375938744983839
701,1,False,0.2577904644920843,0.6638344870485455
702,0,True,3.901680648626778,8.965966667637007
703,0,False,1.950840324313389,4.4829833338185034
704,0,False,1.300560216208926,2.988655555879002
705,0,False,0.9754201621566945,2.2414916669092517
706,0,False,0.7803361297253555,1.793193333527401
707,0,False,0.650280108104463,1.494327777939501
708,0,False,0.5573829498038254,1.2808523810910009
709,1,False,0.48771008107834724,1.1207458334546259
710,0,False,0.04854244212648863,3.1593624864693197
711,0,False,0.024271221063244315,1.5796812432346599
712,0,False,0.016180814042162876,1.0531208288231066
713,0,False,0.012135610531622158,0.7898406216173299
714,0,False,0.009708488425297727,0.6318724972938641
715,0,False,0.008090407021081438,0.5265604144115533
716,0,False,0.006934634589498376,0.4513374980670457
717,0,False,0.006067805265811079,0.39492031080866496
718,0,False,0.0053936046807209585,0.3510402762743689
719,1,False,0.0048542442126488635,0.31593624864693204
720,0,False,1.0230869376533385,4.123459748267159
721,0,False,0.5115434688266692,2.0617298741335794
722,0,False,0.34102897921777947,1.3744865827557198
723,0,False,0.2557717344133346,1.0308649370667897
724,0,False,0.2046173875306677,0.8246919496534318
725,0,False,0.17051448960888974,0.6872432913778599
726,0,False,0.14615527680761975,0.5890656783238799
727,1,False,0.1278858672066673,0.5154324685333949
728,0,False,1.1405158241035502,4.311313477206965
729,0,False,0.5702579120517751,2.1556567386034824
730,0,False,0.38017194136785015,1.4371044924023215
731,0,False,0.28512895602588756,1.0778283693017412
732,0,False,0.22810316482071008,0.8622626954413929
733,1,False,0.19008597068392508,0.7185522462011608
734,0,False,0.3404213013587139,3.324731086735916
735,0,False,0.17021065067935695,1.662365543367958
736,0,False,0.1134737671195713,1.1082436955786388
737,0,False,0.08510532533967848,0.831182771683979
738,0,False,0.06808426027174277,0.6649462173471832
739,1,False,0.05673688355978565,0.5541218477893194
740,0,True,3.4663952010910237,8.286523511972854
741,0,False,1.7331976005455119,4.143261755986427
742,0,False,1.1554650670303412,2.7621745039909515
743,1,False,0.8665988002727559,2.0716308779932135
744,0,False,1.3665878574771508,4.6888702431665195
745,0,False,0.6832939287385754,2.3444351215832597
746,0,False,0.455529285825717,1.562956747722173
747,0,False,0.3416469643692877,1.1722175607916299
748,0,False,0.2733175714954302,0.9377740486333039
749,0,False,0.2277646429128585,0.7814783738610865
750,0,False,0.19522683678245012,0.6698386061666456
751,1,False,0.17082348218464385,0.5861087803958149
752,0,False,1.4745214709611238,4.875116796698066
753,0,False,0.7372607354805619,2.437558398349033
754,0,False,0.49150715698704134,1.6250389322326886
755,0,False,0.36863036774028096,1.2187791991745165
756,0,False,0.29490429419222475,0.975023359339613
757,1,False,0.24575357849352067,0.8125194661163443
758,0,False,0.6093172505252984,3.619625169111495
759,0,False,0.3046586252626492,1.8098125845557476
760,0,False,0.20310575017509946,1.2065417230371651
761,1,False,0.1523293126313246,0.9049062922778738
762,0,True,2.6761401634716346,6.940969201787795
763,0,False,1.3380700817358173,3.4704846008938977
764,0,False,0.8920467211572115,2.313656400595932
765,0,False,0.6690350408679087,1.7352423004469488
766,0,False,0.535228032694327,1.3881938403575589
767,0,False,0.44602336057860575,1.156828200297966
768,0,False,0.382305737638805,0.991567028826828
769,1,False,0.33451752043395433,0.8676211502234744
770,0,True,2.7845320021039353,7.145622236682994
771,0,False,1.3922660010519676,3.572811118341497
772,0,False,0.9281773340346451,2.3818740788943313
773,1,False,0.6961330005259838,1.7864055591707484
774,0,False,0.7755757289815386,3.8482252360231057
775,0,False,0.3877878644907693,1.9241126180115529
776,0,False,0.2585252429938462,1.2827417453410352
777,0,False,0.19389393224538465,0.9620563090057764
778,0,False,0.15511514579630772,0.7696450472046211
779,0,False,0.1292626214969231,0.6413708726705176
780,0,False,0.11079653271164837,0.549746462289015
781,0,False,0.09694696612269232,0.4810281545028882
782,0,False,0.08617508099794874,0.4275805817803451
783,0,False,0.07755757289815386,0.38482252360231056
784,0,False,0.07050688445286714,0.34983865782028234
785,0,False,0.06463131074846155,0.3206854363352588
786,0,False,0.05965967146011836,0.2960173258479312
787,1,False,0.055398266355824184,0.2748732311445075
788,0,False,0.06986551898230715,3.263648160473893
789,0,False,0.03493275949115358,1.6318240802369466
790,0,False,0.02328850632743572,1.0878827201579644
791,0,False,0.01746637974557679,0.8159120401184733
792,0,False,0.013973103796461432,0.6527296320947786
793,0,False,0.01164425316371786,0.5439413600789822
794,0,False,0.00998078842604388,0.4662354514962704
795,0,False,0.008733189872788394,0.40795602005923665
796,0,False,0.007762835442478574,0.3626275733859881
797,1,False,0.006986551898230716,0.3263648160473893
798,0,False,1.0015616063631174,4.197698082051079
799,0,False,0.5007808031815587,2.0988490410255394
800,0,False,0.3338538687877058,1.3992326940170263
801,0,False,0.25039040159077935,1.0494245205127697
802,0,False,0.20031232127262347,0.8395396164102157
803,0,False,0.1669269343938529,0.6996163470085132
804,0,False,0.14308022948044535,0.5996711545787256
805,0,False,0.12519520079538968,0.5247122602563848
806,0,False,0.11128462292923527,0.4664108980056754
807,0,False,0.10015616063631173,0.41976980820510784
808,0,False,0.09105105512391977,0.3816089165500981
809,1,False,0.08346346719692645,0.3498081735042566
810,0,True,3.248208046276406,8.040980102568911
811,1,False,1.624104023138203,4.0204900512844555
812,0,False,0.24034196525174809,3.356601843042386
813,0,False,0.12017098262587404,1.678300921521193
814,0,False,0.08011398841724936,1.1188672810141287
815,0,False,0.06008549131293702,0.8391504607605965
816,0,False,0.048068393050349614,0.6713203686084772
817,0,False,0.04005699420862468,0.5594336405070643
818,0,False,0.03433456646453544,0.47951454900605517
819,0,False,0.03004274565646851,0.41957523038029826
820,0,False,0.026704662805749787,0.3729557603380429
821,1,False,0.024034196525174807,0.3356601843042386
822,0,False,1.19480153764794,4.523828520406869
823,1,False,0.59740076882397,2.2619142602034343
824,0,True,2.253467139114236,6.30656473631406
825,0,False,1.126733569557118,3.15328236815703
826,0,False,0.7511557130380786,2.10218824543802
827,1,False,0.563366784778559,1.576641184078515
828,0,False,0.3369519409286484,3.4400069536204594
829,1,False,0.1684759704643242,1.7200034768102297
830,0,False,1.2512240172479452,4.623332340851147
831,0,False,0.6256120086239726,2.3116661704255734
832,0,False,0.41707467241598173,1.5411107802837156
833,0,False,0.3128060043119863,1.1558330852127867
834,0,False,0.25024480344958905,0.9246664681702295
835,0,False,0.20853733620799086,0.7705553901418578
836,0,False,0.17874628817827787,0.6604760486930209
837,0,False,0.15640300215599315,0.5779165426063934
838,0,False,0.13902489080532723,0.5137035934279052
839,1,False,0.12512240172479452,0.46233323408511473
840,0,True,2.3744814900161364,6.543853150416443
841,0,False,1.1872407450080682,3.2719265752082216
842,0,False,0.7914938300053789,2.181284383472148
843,0,False,0.5936203725040341,1.6359632876041108
844,0,False,0.47489629800322725,1.3087706300832886
845,0,False,0.39574691500268944,1.090642191736074
846,0,False,0.3392116414308767,0.9348361643452063
847,0,False,0.29681018625201705,0.8179816438020554
848,0,False,0.2638312766684596,0.7270947944907159
849,0,False,0.23744814900161362,0.6543853150416443
850,0,False,0.21586195363783056,0.5948957409469494
851,0,False,0.19787345750134472,0.545321095868037
852,0,False,0.18265242230893355,0.5033733192628034
853,1,False,0.16960582071543834,0.46741808217260317
854,0,False,1.3950752708235454,4.886680600227298
855,0,False,0.6975376354117727,2.443340300113649
856,0,False,0.46502509027451516,1.6288935334090993
857,1,False,0.34876881770588636,1.2216701500568246
858,0,True,3.6299664984569926,8.817160499094742
859,1,False,1.8149832492284963,4.408580249547371
860,0,False,0.4887278366503256,3.613031561667054
861,0,False,0.2443639183251628,1.806515780833527
862,0,False,0.16290927888344187,1.2043438538890179
863,1,False,0.1221819591625814,0.9032578904167635
864,0,True,2.5188440958206146,6.836699002665288
865,0,False,1.2594220479103073,3.418349501332644
866,0,False,0.8396146986068717,2.2788996675550957
867,0,False,0.6297110239551537,1.709174750666322
868,0,False,0.503768819164123,1.3673398005330575
869,0,False,0.41980734930343583,1.1394498337775478
870,0,False,0.3598348708315164,0.976671286095041
871,0,False,0.31485551197757683,0.854587375333161
872,0,False,0.27987156620229053,0.7596332225183653
873,0,False,0.2518844095820615,0.6836699002665287
874,0,False,0.22898582689278316,0.6215180911513898
875,0,False,0.20990367465171791,0.5697249168887739
876,0,False,0.1937572381400473,0.5258999232819452
877,1,False,0.1799174354157582,0.4883356430475205
878,0,False,1.4995049759719374,5.090253965920661
879,0,False,0.7497524879859687,2.5451269829603307
880,0,False,0.49983499199064585,1.696751321973554
881,1,False,0.37487624399298436,1.2725634914801653
882,0,True,3.749768342231139,9.079631273994968
883,1,False,1.8748841711155695,4.539815636997484
884,0,False,0.5648210892053411,3.721892257612868
885,0,False,0.28241054460267057,1.860946128806434
886,0,False,0.18827369640178038,1.2406307525376228
887,1,False,0.14120527230133528,0.930473064403217
888,0,True,2.618528029297937,7.05179108070781
889,0,False,1.3092640146489685,3.525895540353905
890,0,False,0.8728426764326457,2.3505970269026033
891,0,False,0.6546320073244842,1.7629477701769525
892,0,False,0.5237056058595874,1.4103582161415618
893,0,False,0.43642133821632284,1.1752985134513017
894,0,False,0.3740754327568482,1.0073987258154014
895,0,False,0.3273160036622421,0.8814738850884762
896,0,False,0.2909475588108819,0.7835323423008678
897,0,False,0.2618528029297937,0.7051791080707809
898,0,False,0.2380480026634488,0.6410719164279827
899,0,False,0.21821066910816142,0.5876492567256508
900,0,False,0.20142523302291823,0.5424454677467545
901,0,False,0.1870377163784241,0.5036993629077007
902,0,False,0.17456853528652916,0.47011940538052066
903,0,False,0.16365800183112106,0.4407369425442381
904,0,False,0.1540310605469375,0.4148112400416359
905,0,False,0.14547377940544096,0.3917661711504339
906,0,False,0.13781726469989142,0.37114689898462155
907,1,False,0.13092640146489684,0.35258955403539044
908,0,False,0.6074771525054666,3.797855644142207
909,0,False,0.3037385762527333,1.8989278220711034
910,0,False,0.2024923841684889,1.2659518813807358
911,1,False,0.15186928812636666,0.9494639110355517
912,0,True,2.673844399983948,7.188086521481834
913,0,False,1.336922199991974,3.594043260740917
914,0,False,0.891281466661316,2.396028840493945
915,0,False,0.668461099995987,1.7970216303704585
916,0,False,0.5347688799967896,1.4376173042963667
917,0,False,0.445640733330658,1.1980144202469725
918,0,False,0.3819777714262783,1.0268695030688335
919,1,False,0.3342305499979935,0.8985108151852292
920,0,True,2.682525900176769,7.2159758467013075
921,0,False,1.3412629500883846,3.6079879233506538
922,0,False,0.8941753000589231,2.405325282233769
923,0,False,0.6706314750441923,1.8039939616753269
924,0,False,0.5365051800353539,1.4431951693402616
925,0,False,0.44708765002946155,1.2026626411168846
926,0,False,0.38321798573953847,1.030853692385901
927,0,False,0.33531573752209615,0.9019969808376634
928,0,False,0.2980584333529744,0.8017750940779231
929,1,False,0.26825259001767693,0.7215975846701308
930,0,True,3.850344337972398,9.352459635752037
931,0,True,1.925172168986199,4.676229817876019
932,0,False,1.283448112657466,3.1174865452506793
933,0,False,0.9625860844930995,2.3381149089380093
934,0,False,0.7700688675944796,1.8704919271504075
935,0,False,0.641724056328733,1.5587432726253396
936,0,False,0.550049191138914,1.336065662250291
937,1,False,0.48129304224654973,1.1690574544690047
938,0,True,3.8494453985608774,9.365454658322909
939,0,False,1.9247226992804387,4.682727329161454
940,0,False,1.283148466186959,3.1218182194409696
941,1,False,0.9623613496402194,2.341363664580727
942,0,False,1.5814802639911063,5.308829228556613
943,0,False,0.7907401319955532,2.6544146142783065
944,0,False,0.5271600879970354,1.7696097428522042
945,0,False,0.3953700659977766,1.3272073071391532
946,0,False,0.31629605279822126,1.0617658457113226
947,1,False,0.2635800439985177,0.8848048714261021
948,0,False,0.6039768213751319,3.837489388367103
949,0,False,0.30198841068756593,1.9187446941835515
950,0,False,0.20132560712504396,1.2791631294557009
951,0,False,0.15099420534378297,0.9593723470917758
952,0,False,0.12079536427502638,0.7674978776734206
953,1,False,0.10066280356252198,0.6395815647278504
954,0,True,3.8328240852564743,9.363887679275678
955,0,False,1.9164120426282372,4.681943839637839
956,0,False,1.2776080284188247,3.121295893091892
957,0,False,0.9582060213141186,2.3409719198189194
958,0,False,0.7665648170512949,1.8727775358551353
959,0,False,0.6388040142094124,1.560647946545946
960,0,False,0.5475462978937821,1.3376982398965251
961,0,False,0.4791030106570593,1.1704859599094597
962,0,False,0.425869342806275,1.0404319643639641
963,0,False,0.38328240852564743,0.9363887679275676
964,0,False,0.348438553205134,0.8512625162977888
965,0,False,0.3194020071047062,0.780323973272973
966,0,False,0.2948326219428057,0.7202990522519751
967,1,False,0.27377314894689103,0.6688491199482626
968,0,True,2.634420588591293,7.200873160096729
969,0,False,1.3172102942956465,3.6004365800483646
970,0,False,0.8781401961970977,2.4002910533655766
971,1,False,0.6586051471478233,1.8002182900241823
972,0,False,0.5583871349361668,3.810713086272624
973,0,False,0.2791935674680834,1.905356543136312
974,0,False,0.18612904497872226,1.270237695424208
975,0,False,0.1395967837340417,0.952678271568156
976,0,False,0.11167742698723336,0.7621426172545248
977,1,False,0.09306452248936113,0.635118847712104
978,0,True,3.771413723094435,9.293296934409007
979,0,False,1.8857068615472174,4.646648467204503
980,0,False,1.257137907698145,3.0977656448030024
981,0,False,0.9428534307736087,2.3233242336022517
982,0,False,0.754282744618887,1.8586593868818015
983,1,False,0.6285689538490725,1.5488828224015012
984,0,True,2.5811959042252868,7.127589555260879
985,0,False,1.2905979521126434,3.5637947776304393
986,0,False,0.8603986347417624,2.3758631850869594
987,0,False,0.6452989760563217,1.7818973888152196
988,0,False,0.5162391808450574,1.4255179110521756
989,0,False,0.4301993173708812,1.1879315925434797
990,0,False,0.36874227203218385,1.0182270793229826
991,1,False,0.32264948802816085,0.8909486944076098
992,0,True,2.5478272099833377,7.078491812906589
993,0,False,1.2739136049916688,3.5392459064532944
994,0,False,0.8492757366611126,2.3594972709688626
995,0,False,0.6369568024958344,1.7696229532266472
996,0,False,0.5095654419966675,1.4156983625813178
997,1,False,0.4246378683305563,1.1797486354844313
998,0,False,1.426237503983035,5.113379701142571
999,0,False,0.7131187519915175,2.5566898505712854
